sex,hscrp_group,variable,n,mean,median,q25,q75,p90,weighted_mean,weighted_median,weighted_q25,weighted_q75,weighted_p90
Female,<=10,hsCRP,1510,2.305390728476821,1.525,0.67,3.2175000000000002,5.555000000000007,2.355865789937915,1.6,0.5,3.4,6.3
Female,<=10,HOMA_IR,1510,2.373361311421797,1.9046913580246914,1.2145740740740743,2.870549382716049,4.5104444444444445,2.2450695478374088,1.7635555555555555,1.1837037037037037,2.6785185185185183,4.211111111111111
Female,<=10,WBC,1507,6.463304578633046,6.2,5.2,7.4,8.8,6.586946813528276,6.2,5.4,7.4,9.2
Female,<=10,Absolute_neutrophils,1506,3.7587649402390437,3.5,2.8,4.5,5.6,3.8561841638138534,3.5,2.9,4.5,5.8
Female,<=10,Neutrophil_percent,1506,56.98260292164675,57.4,51.1,63.5,68.6,57.35805074507093,57.7,52.0,62.9,69.4
Female,<=10,Absolute_lymphocytes,1506,2.000265604249668,1.9,1.6,2.3,2.8,1.994595960926896,1.9,1.6,2.3,2.9
Female,<=10,Absolute_monocytes,1506,0.49050464807436917,0.5,0.4,0.6,0.7,0.5066950815461349,0.5,0.4,0.6,0.7
Female,<=10,NLR,1506,2.0227941970021823,1.823529411764706,1.3852357320099256,2.4545454545454546,3.1666666666666665,2.067560412021429,1.8695652173913044,1.4615384615384615,2.4827586206896552,3.230769230769231
Female,>10,hsCRP,128,20.280546875,14.795,11.9925,19.762500000000003,34.269999999999996,18.9744440978366,13.7,10.9,17.8,32.1
Female,>10,HOMA_IR,128,3.9783701774691353,3.005037037037037,1.876462962962963,4.6664259259259255,7.403170370370369,3.7841449445430673,3.374864197530864,2.1025185185185187,4.465777777777777,7.355555555555555
Female,>10,WBC,128,7.768750000000001,7.5,6.0,8.9,10.86,8.00866630065479,7.4,5.8,8.3,11.0
Female,>10,Absolute_neutrophils,128,4.81875,4.45,3.3,5.625,7.389999999999999,4.863475055479618,4.4,3.0,5.5,7.6
Female,>10,Neutrophil_percent,128,60.52421875,59.95,54.375,67.1,72.66,59.428127549201584,59.7,54.1,67.3,68.9
Female,>10,Absolute_lymphocytes,128,2.15859375,2.1,1.7,2.5,3.1,2.3851019603391643,2.1,1.8,2.5,3.3
Female,>10,Absolute_monocytes,128,0.55234375,0.5,0.4,0.6,0.8,0.5208585639173237,0.5,0.4,0.6,0.8
Female,>10,NLR,128,2.4658573989993897,2.128181818181818,1.647025171624714,2.800438596491228,3.965,2.195939451651903,2.0,1.4482758620689655,2.6666666666666665,2.833333333333333
Male,<=10,hsCRP,1385,1.9369891696750898,1.23,0.6,2.62,4.64,1.8926928495710342,1.2,0.5,2.5,4.6
Male,<=10,HOMA_IR,1385,2.787055631323261,2.050814814814815,1.2563456790123457,3.3544691358024696,5.127891358024696,2.8001411007835495,2.0900000000000003,1.29679012345679,3.4165432098765427,4.931456790123457
Male,<=10,WBC,1382,6.596526772793053,6.3,5.3,7.574999999999999,8.8,6.604537508977291,6.3,5.4,7.6,8.9
Male,<=10,Absolute_neutrophils,1382,3.7379160636758315,3.5,2.8,4.5,5.6,3.7720611789308442,3.6,2.9,4.4,5.4
Male,<=10,Neutrophil_percent,1382,56.29536903039074,56.55,50.5,62.6,67.3,56.610514636374816,56.7,51.2,62.8,67.4
Male,<=10,Absolute_lymphocytes,1382,2.0617945007235896,1.9,1.6,2.3,2.8,2.005010447605828,1.9,1.5,2.3,2.7
Male,<=10,Absolute_monocytes,1382,0.5536903039073806,0.5,0.4,0.6,0.8,0.5720042817019686,0.5,0.4,0.7,0.8
Male,<=10,NLR,1382,2.026273829331603,1.842105263157895,1.3913043478260871,2.4285714285714284,3.1754901960784325,2.0801245180497143,1.8888888888888886,1.4666666666666668,2.4,3.2857142857142856
Male,>10,hsCRP,56,21.933571428571433,15.23,11.7825,27.795,37.855000000000004,18.107820636925315,14.1,12.5,19.0,24.9
Male,>10,HOMA_IR,56,3.11882848324515,2.0437654320987657,1.1991666666666667,4.125135802469136,6.766543209876543,4.677199316253864,2.4999506172839503,1.4355555555555555,5.60367901234568,14.952864197530864
Male,>10,WBC,56,7.451785714285714,7.2,6.275,8.325000000000001,9.5,7.393782094279267,7.3,6.2,8.4,8.5
Male,>10,Absolute_neutrophils,56,4.635714285714286,4.5,3.7,5.225,5.75,4.461645645535038,4.8,3.3,5.1,5.1
Male,>10,Neutrophil_percent,56,61.80357142857143,61.4,56.375,66.5,72.55,60.404817122600925,58.7,57.5,65.0,73.4
Male,>10,Absolute_lymphocytes,56,1.8803571428571426,1.75,1.375,2.4,2.7,2.026962938947398,2.2,1.6,2.4,2.5
Male,>10,Absolute_monocytes,56,0.6892857142857143,0.7,0.575,0.8,0.9,0.6593906871002878,0.7,0.5,0.7,0.8
Male,>10,NLR,56,2.751248730371395,2.3904761904761904,1.826969696969697,3.2184065934065935,4.461038961038961,2.42699203320163,2.041666666666667,1.8399999999999999,2.8125,4.636363636363636
