sex,bin,n,HOMA_IR_mean,HOMA_IR_median,residual_mean,residual_sd,residual_se
Female,"(0.12, 0.819]",160,0.6187455246913581,0.6375555555555557,0.1848931200790651,1.1528344553196292,0.09113956609824113
Female,"(0.819, 1.116]",157,0.9625578359676025,0.9495308641975309,-0.054673097434824805,1.047396435106451,0.08359133576966016
Female,"(1.116, 1.39]",178,1.250405465390484,1.2460370370370368,-0.08146980297292654,1.054361253471595,0.07902771711263581
Female,"(1.39, 1.667]",181,1.530709774230953,1.5280493827160495,0.08472391043105328,1.102544466181412,0.08195148476898505
Female,"(1.667, 1.991]",160,1.8352177469135804,1.832148148148148,0.1158959887483529,1.0528972249468305,0.08323883432256607
Female,"(1.991, 2.375]",183,2.168682722795655,2.159407407407407,-0.0057685051475373774,0.9207255878392555,0.06806199392429306
Female,"(2.375, 2.859]",170,2.6065074800290486,2.5868148148148147,-0.07933858661920669,1.1580798157793009,0.08882066729935362
Female,"(2.859, 3.598]",139,3.183057287503331,3.18,0.12884207183460042,0.9272015021749636,0.07864420497274437
Female,"(3.598, 4.962]",161,4.198941338854382,4.169679012345679,0.01900866964753774,0.9584341049542017,0.07553518918088648
Female,"(4.962, 38.974]",149,7.323294556301267,6.401975308641974,0.024644532569192332,0.9818772046005418,0.08043851480387688
Male,"(0.12, 0.819]",148,0.5983406740073407,0.6375308641975308,0.2319663838956588,1.289638327628891,0.10600761752618214
Male,"(0.819, 1.116]",151,0.9708767884882674,0.9765925925925926,0.08862507728265939,1.1553948318056886,0.09402469794473142
Male,"(1.116, 1.39]",130,1.2580695156695159,1.2638765432098764,0.037035103154959705,1.0400503522978692,0.09121845019659472
Male,"(1.39, 1.667]",127,1.5223944784679693,1.52,0.10802169855338863,1.0764005299112187,0.09551510169556743
Male,"(1.667, 1.991]",148,1.8281554888221556,1.8223580246913582,0.00944987977288227,1.0786584790460274,0.08866518080175194
Male,"(1.991, 2.375]",124,2.184751095181203,2.1813086419753085,-0.00033055199114295417,0.8929237437230113,0.080186919339125
Male,"(2.375, 2.859]",138,2.5910411522633745,2.5726172839506174,0.07091071065508904,1.0940042299039612,0.09312782453834424
Male,"(2.859, 3.598]",169,3.2345204178537514,3.24241975308642,-0.02220459514276099,0.9664841241987929,0.07434493263067637
Male,"(3.598, 4.962]",147,4.199284118585706,4.182395061728395,0.1243020693429433,0.8927357678072124,0.07363160512267163
Male,"(4.962, 38.974]",159,8.677408494448327,7.111802469135802,0.11195825442145334,0.8682907471309522,0.06885993538765937
