model,sex,n,mean_residual,sd_residual,skewness,excess_kurtosis,q01,q05,median,q95,q99,max_abs_residual
log hsCRP / raw HOMA-IR,Female,1638,0.033003469603087046,1.0419286706937045,0.2630712532253603,0.5465754146087982,-2.2792183465312053,-1.6035483943288806,-0.029756250233088838,1.7387929720126911,2.756216948056082,4.484909709289612
log hsCRP / raw HOMA-IR,Male,1441,0.0774628497827335,1.0419682969189903,0.518683504371219,1.0599198292669918,-2.1307336577023777,-1.4915570016653756,0.0022423477828866223,1.8743950897375987,3.071843410740305,4.530434279442051
log hsCRP / raw HOMA-IR,Overall,3079,0.053810863834613684,1.0420141946509067,0.3822457072346089,0.7936936745786181,-2.2437181623722027,-1.538063277791942,-0.007975479248220674,1.7717561740451269,2.9803564466674084,4.530434279442051
raw hsCRP / raw HOMA-IR,Female,1638,0.11493788855581588,7.110961551584724,12.72756841836334,272.14661551130126,-5.597347237538837,-3.928413830924337,-1.2774229651900177,7.977643680978894,27.440360462594032,180.4165582187709
raw hsCRP / raw HOMA-IR,Male,1441,0.18782993217915495,5.199880773444273,7.811937169631935,83.99104431193581,-3.523124609759994,-2.6268610677703936,-0.9378556043010766,5.64883872422268,24.083207755515126,75.742377425064
raw hsCRP / raw HOMA-IR,Overall,3079,0.1490520278416982,6.28839241218835,11.842066961874378,254.69299876303864,-5.104668243915693,-3.4450588789977945,-1.0868643199596248,7.039214125109704,25.277231486539666,180.4165582187709
log hsCRP / log HOMA-IR,Female,1638,0.030814570792287742,1.0416147751306606,0.2678384425306539,0.5858681553471423,-2.3024087928960446,-1.634754327365714,-0.019896855438284122,1.7152487196945327,2.736362552699878,4.440552665267782
log hsCRP / log HOMA-IR,Male,1441,0.07613545628719533,1.0419150955852012,0.5080284892924473,1.0423115710439728,-2.142871657179039,-1.4966801664445253,0.0047026637726206855,1.86626556721546,3.0717853743741865,4.508327741435862
log hsCRP / log HOMA-IR,Overall,3079,0.05202515734576673,1.0418316313310287,0.37984952077808065,0.8059722060840571,-2.260596368287233,-1.5559698217740854,-0.010755340224095578,1.7776716425087924,2.98572290739409,4.508327741435862
raw hsCRP / log HOMA-IR,Female,1638,0.11029419451823592,7.122201660934801,12.67534391622947,270.618874887228,-5.517602293144011,-4.143757896353629,-1.1734096899544566,8.064849993116571,27.43834437609643,180.448877659516
raw hsCRP / log HOMA-IR,Male,1441,0.18653680929008093,5.194856569150827,7.811377560827586,83.87936520487959,-3.394584859047523,-2.542015967309494,-0.9727146571822638,5.827064475715291,24.06786533218439,75.50291199575508
raw hsCRP / log HOMA-IR,Overall,3079,0.14597643157124948,6.293222982554315,11.814538010383066,253.97640289556432,-5.01666583388331,-3.6066547316296544,-1.072094101990948,7.00190200870496,24.941817193091055,180.448877659516
